{
    "joint_offsets": [
        6.2416746165444525,
        3.107345750866696,
        3.1019244806553625,
        4.837324407657573,
        3.171185238250202,
        1.2502330846009304,
        2.3052047118236816
    ],
    "port": "/dev/serial/by-id/usb-FTDI_USB__-__Serial_Converter_FT89FAFX-if00-port0",
    "joint_signs": [
        1,
        1,
        1,
        1,
        1,
        1,
        1
    ],
    "joint_ids": [
        1,
        2,
        3,
        4,
        5,
        6,
        7
    ],
    "gripper_config": [
        8,
        110.83007812500001,
        55.72265625
    ]
}