{
    "selection": "ee-gripper",
    "parameters": {
        "mass": 0.93,
        "inertia": [
            0.001,
            0,
            0,
            0,
            0.0025,
            0,
            0,
            0,
            0.0017
        ],
        "centerOfMass": [
            -0.01,
            0,
            0.03
        ],
        "transformation": [
            0.7071,
            -0.7071,
            0,
            0,
            0.7071,
            0.7071,
            0,
            0,
            0,
            0,
            1,
            0,
            0,
            0,
            0.1034,
            1
        ],
        "collisionModel": {
            "pointB": [
                -0.03535533905932738,
                -0.03535533905932738,
                0.04,
                -0.03535533905932738,
                -0.03535533905932738,
                0.1,
                0,
                0,
                0
            ],
            "radius": [
                0.04,
                0.02,
                0
            ],
            "pointA": [
                0.03535533905932738,
                0.03535533905932738,
                0.04,
                0.03535533905932738,
                0.03535533905932738,
                0.1,
                0,
                0,
                0
            ]
        }
    }
}
